189.5771,21.70,6.34,21.33,35.90,11.75,7.23,24.15
120.8736,18.16,5.98,16.80,34.50,8.11,7.29,26.39
259.9964,17.20,4.45,17.53,22.60,11.20,4.58,11.40
380.2266,20.98,6.70,21.85,34.92,11.85,7.73,23.07
580.9888,21.26,7.44,19.63,38.50,11.19,8.55,27.31
713.7415,19.87,5.41,21.47,36.79,11.45,6.77,25.34
870.1682,19.04,5.58,19.19,31.34,11.25,6.25,20.09
1022.641,18.52,4.97,16.94,31.43,11.50,5.62,19.93
1154.413,20.40,9.41,13.18,54.69,11.55,12.20,43.14
120.0541,18.71,6.88,18.40,29.07,6.59,7.36,22.48
121.0175,29.01,8.95,29.01,37.95,20.06,8.95,17.89
121.5289,29.01,8.95,29.01,37.95,20.06,8.95,17.89
121.992,20.06,0.00,20.06,20.06,20.06,0.00,0.00
122.44,20.06,0.00,20.06,20.06,20.06,0.00,0.00
123.0037,20.06,0.00,20.06,20.06,20.06,0.00,0.00
123.4597,20.06,0.00,20.06,20.06,20.06,0.00,0.00
123.8845,20.06,0.00,20.06,20.06,20.06,0.00,0.00
124.2683,20.06,0.00,20.06,20.06,20.06,0.00,0.00
124.7482,20.06,0.00,20.06,20.06,20.06,0.00,0.00
125.2472,20.06,0.00,20.06,20.06,20.06,0.00,0.00
125.6973,20.06,0.00,20.06,20.06,20.06,0.00,0.00
126.1311,20.06,0.00,20.06,20.06,20.06,0.00,0.00
126.5746,20.06,0.00,20.06,20.06,20.06,0.00,0.00
127.0917,20.06,0.00,20.06,20.06,20.06,0.00,0.00
127.5604,20.06,0.00,20.06,20.06,20.06,0.00,0.00
128.0088,20.06,0.00,20.06,20.06,20.06,0.00,0.00
128.4349,20.06,0.00,20.06,20.06,20.06,0.00,0.00
128.8653,20.06,0.00,20.06,20.06,20.06,0.00,0.00
129.3816,20.06,0.00,20.06,20.06,20.06,0.00,0.00
129.7973,20.06,0.00,20.06,20.06,20.06,0.00,0.00
130.2217,20.06,0.00,20.06,20.06,20.06,0.00,0.00
130.7421,20.06,0.00,20.06,20.06,20.06,0.00,0.00
131.1842,20.06,0.00,20.06,20.06,20.06,0.00,0.00
131.7125,20.06,0.00,20.06,20.06,20.06,0.00,0.00
132.1756,20.06,0.00,20.06,20.06,20.06,0.00,0.00
132.6121,20.06,0.00,20.06,20.06,20.06,0.00,0.00
133.0628,20.06,0.00,20.06,20.06,20.06,0.00,0.00
133.4892,20.06,0.00,20.06,20.06,20.06,0.00,0.00
133.9727,20.06,0.00,20.06,20.06,20.06,0.00,0.00
134.5087,20.06,0.00,20.06,20.06,20.06,0.00,0.00
134.9413,20.06,0.00,20.06,20.06,20.06,0.00,0.00
135.3225,20.06,0.00,20.06,20.06,20.06,0.00,0.00
135.7896,20.06,0.00,20.06,20.06,20.06,0.00,0.00
136.2295,20.06,0.00,20.06,20.06,20.06,0.00,0.00
136.6707,20.06,0.00,20.06,20.06,20.06,0.00,0.00
137.1861,20.06,0.00,20.06,20.06,20.06,0.00,0.00
137.6555,20.06,0.00,20.06,20.06,20.06,0.00,0.00
138.1121,20.06,0.00,20.06,20.06,20.06,0.00,0.00
138.5935,20.06,0.00,20.06,20.06,20.06,0.00,0.00
139.1578,20.06,0.00,20.06,20.06,20.06,0.00,0.00
139.6032,20.06,0.00,20.06,20.06,20.06,0.00,0.00
140.0351,20.06,0.00,20.06,20.06,20.06,0.00,0.00
140.4388,20.06,0.00,20.06,20.06,20.06,0.00,0.00
140.9742,20.06,0.00,20.06,20.06,20.06,0.00,0.00
141.5935,20.06,0.00,20.06,20.06,20.06,0.00,0.00
142.1217,20.06,0.00,20.06,20.06,20.06,0.00,0.00
142.6214,20.06,0.00,20.06,20.06,20.06,0.00,0.00
143.1557,20.06,0.00,20.06,20.06,20.06,0.00,0.00
143.6361,20.06,0.00,20.06,20.06,20.06,0.00,0.00
144.0795,20.06,0.00,20.06,20.06,20.06,0.00,0.00
144.5074,20.06,0.00,20.06,20.06,20.06,0.00,0.00
144.9417,20.06,0.00,20.06,20.06,20.06,0.00,0.00
145.5733,20.06,0.00,20.06,20.06,20.06,0.00,0.00
146.015,20.06,0.00,20.06,20.06,20.06,0.00,0.00
146.4811,20.06,0.00,20.06,20.06,20.06,0.00,0.00
146.9995,20.06,0.00,20.06,20.06,20.06,0.00,0.00
147.4388,20.06,0.00,20.06,20.06,20.06,0.00,0.00
147.8771,20.06,0.00,20.06,20.06,20.06,0.00,0.00
148.3245,20.06,0.00,20.06,20.06,20.06,0.00,0.00
148.8646,20.06,0.00,20.06,20.06,20.06,0.00,0.00
149.313,20.06,0.00,20.06,20.06,20.06,0.00,0.00
149.7424,20.06,0.00,20.06,20.06,20.06,0.00,0.00
150.2589,20.06,0.00,20.06,20.06,20.06,0.00,0.00
150.7167,20.06,0.00,20.06,20.06,20.06,0.00,0.00
151.1158,20.06,0.00,20.06,20.06,20.06,0.00,0.00
151.5231,20.06,0.00,20.06,20.06,20.06,0.00,0.00
152.0556,20.06,0.00,20.06,20.06,20.06,0.00,0.00
152.5099,20.06,0.00,20.06,20.06,20.06,0.00,0.00
152.9638,20.06,0.00,20.06,20.06,20.06,0.00,0.00
153.41,20.06,0.00,20.06,20.06,20.06,0.00,0.00
153.9228,20.06,0.00,20.06,20.06,20.06,0.00,0.00
154.3836,20.06,0.00,20.06,20.06,20.06,0.00,0.00
154.8183,20.06,0.00,20.06,20.06,20.06,0.00,0.00
155.2803,20.06,0.00,20.06,20.06,20.06,0.00,0.00
155.8255,20.06,0.00,20.06,20.06,20.06,0.00,0.00
156.2717,20.06,0.00,20.06,20.06,20.06,0.00,0.00
156.6794,20.06,0.00,20.06,20.06,20.06,0.00,0.00
157.0681,20.06,0.00,20.06,20.06,20.06,0.00,0.00
157.5179,20.06,0.00,20.06,20.06,20.06,0.00,0.00
158.1097,20.06,0.00,20.06,20.06,20.06,0.00,0.00
158.5752,20.06,0.00,20.06,20.06,20.06,0.00,0.00
159.0241,20.06,0.00,20.06,20.06,20.06,0.00,0.00
159.5749,20.06,0.00,20.06,20.06,20.06,0.00,0.00
160.0386,20.06,0.00,20.06,20.06,20.06,0.00,0.00
160.4721,20.06,0.00,20.06,20.06,20.06,0.00,0.00
160.9112,20.06,0.00,20.06,20.06,20.06,0.00,0.00
161.4262,20.06,0.00,20.06,20.06,20.06,0.00,0.00
161.8462,20.06,0.00,20.06,20.06,20.06,0.00,0.00
162.2691,20.06,0.00,20.06,20.06,20.06,0.00,0.00
162.7854,20.06,0.00,20.06,20.06,20.06,0.00,0.00
163.2384,20.06,0.00,20.06,20.06,20.06,0.00,0.00
163.6725,20.06,0.00,20.06,20.06,20.06,0.00,0.00
164.137,20.06,0.00,20.06,20.06,20.06,0.00,0.00
164.7691,20.06,0.00,20.06,20.06,20.06,0.00,0.00
165.2293,20.06,0.00,20.06,20.06,20.06,0.00,0.00
165.6275,20.06,0.00,20.06,20.06,20.06,0.00,0.00
166.0134,20.06,0.00,20.06,20.06,20.06,0.00,0.00
166.5366,20.06,0.00,20.06,20.06,20.06,0.00,0.00
167.0266,20.06,0.00,20.06,20.06,20.06,0.00,0.00
167.4813,20.06,0.00,20.06,20.06,20.06,0.00,0.00
167.9239,20.06,0.00,20.06,20.06,20.06,0.00,0.00
168.4491,20.06,0.00,20.06,20.06,20.06,0.00,0.00
168.8879,20.06,0.00,20.06,20.06,20.06,0.00,0.00
169.3119,20.06,0.00,20.06,20.06,20.06,0.00,0.00
169.7108,20.06,0.00,20.06,20.06,20.06,0.00,0.00
170.1355,20.06,0.00,20.06,20.06,20.06,0.00,0.00
170.7198,20.06,0.00,20.06,20.06,20.06,0.00,0.00
171.171,20.06,0.00,20.06,20.06,20.06,0.00,0.00
171.6244,20.06,0.00,20.06,20.06,20.06,0.00,0.00
172.1794,20.06,0.00,20.06,20.06,20.06,0.00,0.00
172.6427,20.06,0.00,20.06,20.06,20.06,0.00,0.00
173.043,20.06,0.00,20.06,20.06,20.06,0.00,0.00
173.4325,20.06,0.00,20.06,20.06,20.06,0.00,0.00
173.9613,20.06,0.00,20.06,20.06,20.06,0.00,0.00
174.4152,20.06,0.00,20.06,20.06,20.06,0.00,0.00
174.8623,20.06,0.00,20.06,20.06,20.06,0.00,0.00
175.323,20.06,0.00,20.06,20.06,20.06,0.00,0.00
175.8574,20.06,0.00,20.06,20.06,20.06,0.00,0.00
176.3242,20.06,0.00,20.06,20.06,20.06,0.00,0.00
176.9294,20.06,0.00,20.06,20.06,20.06,0.00,0.00
177.449,20.06,0.00,20.06,20.06,20.06,0.00,0.00
178.0496,20.06,0.00,20.06,20.06,20.06,0.00,0.00
178.4866,20.06,0.00,20.06,20.06,20.06,0.00,0.00
178.9313,20.06,0.00,20.06,20.06,20.06,0.00,0.00
179.3716,20.06,0.00,20.06,20.06,20.06,0.00,0.00
179.8909,20.06,0.00,20.06,20.06,20.06,0.00,0.00
180.358,20.06,0.00,20.06,20.06,20.06,0.00,0.00
180.8199,20.06,0.00,20.06,20.06,20.06,0.00,0.00
181.2546,20.06,0.00,20.06,20.06,20.06,0.00,0.00
181.6853,20.06,0.00,20.06,20.06,20.06,0.00,0.00
182.3248,20.06,0.00,20.06,20.06,20.06,0.00,0.00
182.7845,20.06,0.00,20.06,20.06,20.06,0.00,0.00
183.2393,20.06,0.00,20.06,20.06,20.06,0.00,0.00
183.7534,20.06,0.00,20.06,20.06,20.06,0.00,0.00
184.1947,20.06,0.00,20.06,20.06,20.06,0.00,0.00
184.6277,20.06,0.00,20.06,20.06,20.06,0.00,0.00
185.0612,20.06,0.00,20.06,20.06,20.06,0.00,0.00
185.6502,20.06,0.00,20.06,20.06,20.06,0.00,0.00
186.1118,20.06,0.00,20.06,20.06,20.06,0.00,0.00
186.5481,20.06,0.00,20.06,20.06,20.06,0.00,0.00
187.0728,20.06,0.00,20.06,20.06,20.06,0.00,0.00
187.5374,20.06,0.00,20.06,20.06,20.06,0.00,0.00
187.9957,20.06,0.00,20.06,20.06,20.06,0.00,0.00
188.4467,20.06,0.00,20.06,20.06,20.06,0.00,0.00
188.9964,20.06,0.00,20.06,20.06,20.06,0.00,0.00
189.4568,20.06,0.00,20.06,20.06,20.06,0.00,0.00
189.881,20.06,0.00,20.06,20.06,20.06,0.00,0.00
190.3267,20.06,0.00,20.06,20.06,20.06,0.00,0.00
190.8593,20.06,0.00,20.06,20.06,20.06,0.00,0.00
191.2859,20.06,0.00,20.06,20.06,20.06,0.00,0.00
191.6809,20.06,0.00,20.06,20.06,20.06,0.00,0.00
192.1242,20.06,0.00,20.06,20.06,20.06,0.00,0.00
192.6903,20.06,0.00,20.06,20.06,20.06,0.00,0.00
193.145,20.06,0.00,20.06,20.06,20.06,0.00,0.00
193.5908,20.06,0.00,20.06,20.06,20.06,0.00,0.00
194.0348,20.06,0.00,20.06,20.06,20.06,0.00,0.00
194.5014,20.06,0.00,20.06,20.06,20.06,0.00,0.00
195.1102,20.06,0.00,20.06,20.06,20.06,0.00,0.00
195.5699,20.06,0.00,20.06,20.06,20.06,0.00,0.00
196.018,20.06,0.00,20.06,20.06,20.06,0.00,0.00
196.503,20.06,0.00,20.06,20.06,20.06,0.00,0.00
196.9123,20.06,0.00,20.06,20.06,20.06,0.00,0.00
197.3661,20.06,0.00,20.06,20.06,20.06,0.00,0.00
197.8109,20.06,0.00,20.06,20.06,20.06,0.00,0.00
198.3846,20.06,0.00,20.06,20.06,20.06,0.00,0.00
198.8651,20.06,0.00,20.06,20.06,20.06,0.00,0.00
199.3158,20.06,0.00,20.06,20.06,20.06,0.00,0.00
199.7751,20.06,0.00,20.06,20.06,20.06,0.00,0.00
200.3054,20.06,0.00,20.06,20.06,20.06,0.00,0.00
200.748,20.06,0.00,20.06,20.06,20.06,0.00,0.00
201.1896,20.06,0.00,20.06,20.06,20.06,0.00,0.00
201.6293,20.06,0.00,20.06,20.06,20.06,0.00,0.00
202.1722,20.06,0.00,20.06,20.06,20.06,0.00,0.00
202.5874,20.06,0.00,20.06,20.06,20.06,0.00,0.00
203.0198,20.06,0.00,20.06,20.06,20.06,0.00,0.00
203.4606,20.06,0.00,20.06,20.06,20.06,0.00,0.00
203.9997,20.06,0.00,20.06,20.06,20.06,0.00,0.00
204.4721,20.06,0.00,20.06,20.06,20.06,0.00,0.00
204.9138,20.06,0.00,20.06,20.06,20.06,0.00,0.00
205.3624,20.06,0.00,20.06,20.06,20.06,0.00,0.00
205.8048,20.06,0.00,20.06,20.06,20.06,0.00,0.00
206.403,20.06,0.00,20.06,20.06,20.06,0.00,0.00
206.8835,20.06,0.00,20.06,20.06,20.06,0.00,0.00
207.3383,20.06,0.00,20.06,20.06,20.06,0.00,0.00
207.8635,20.06,0.00,20.06,20.06,20.06,0.00,0.00
208.3245,20.06,0.00,20.06,20.06,20.06,0.00,0.00
208.788,20.06,0.00,20.06,20.06,20.06,0.00,0.00
209.2425,20.06,0.00,20.06,20.06,20.06,0.00,0.00
209.7822,20.06,0.00,20.06,20.06,20.06,0.00,0.00
210.2286,20.06,0.00,20.06,20.06,20.06,0.00,0.00
210.6751,20.06,0.00,20.06,20.06,20.06,0.00,0.00
211.1215,20.06,0.00,20.06,20.06,20.06,0.00,0.00
211.6392,20.06,0.00,20.06,20.06,20.06,0.00,0.00
212.2052,20.06,0.00,20.06,20.06,20.06,0.00,0.00
212.714,20.06,0.00,20.06,20.06,20.06,0.00,0.00
213.212,20.06,0.00,20.06,20.06,20.06,0.00,0.00
213.7878,20.06,0.00,20.06,20.06,20.06,0.00,0.00
214.2538,20.06,0.00,20.06,20.06,20.06,0.00,0.00
214.721,20.06,0.00,20.06,20.06,20.06,0.00,0.00
215.138,20.06,0.00,20.06,20.06,20.06,0.00,0.00
215.6335,20.06,0.00,20.06,20.06,20.06,0.00,0.00
216.0977,20.06,0.00,20.06,20.06,20.06,0.00,0.00
216.5478,20.06,0.00,20.06,20.06,20.06,0.00,0.00
216.9847,20.06,0.00,20.06,20.06,20.06,0.00,0.00
217.4339,20.06,0.00,20.06,20.06,20.06,0.00,0.00
218.0456,20.06,0.00,20.06,20.06,20.06,0.00,0.00
218.5282,20.06,0.00,20.06,20.06,20.06,0.00,0.00
218.9197,20.06,0.00,20.06,20.06,20.06,0.00,0.00
219.3995,20.06,0.00,20.06,20.06,20.06,0.00,0.00
219.8451,20.06,0.00,20.06,20.06,20.06,0.00,0.00
220.3102,20.06,0.00,20.06,20.06,20.06,0.00,0.00
220.7671,20.06,0.00,20.06,20.06,20.06,0.00,0.00
221.3164,20.06,0.00,20.06,20.06,20.06,0.00,0.00
221.7655,20.06,0.00,20.06,20.06,20.06,0.00,0.00
222.2436,20.06,0.00,20.06,20.06,20.06,0.00,0.00
222.7895,20.06,0.00,20.06,20.06,20.06,0.00,0.00
223.2894,20.06,0.00,20.06,20.06,20.06,0.00,0.00
223.7537,20.06,0.00,20.06,20.06,20.06,0.00,0.00
224.1961,20.06,0.00,20.06,20.06,20.06,0.00,0.00
224.7318,20.06,0.00,20.06,20.06,20.06,0.00,0.00
225.1871,20.06,0.00,20.06,20.06,20.06,0.00,0.00
225.6526,20.06,0.00,20.06,20.06,20.06,0.00,0.00
226.0988,20.06,0.00,20.06,20.06,20.06,0.00,0.00
226.6478,20.06,0.00,20.06,20.06,20.06,0.00,0.00
227.1111,20.06,0.00,20.06,20.06,20.06,0.00,0.00
227.5543,20.06,0.00,20.06,20.06,20.06,0.00,0.00
228.0165,20.06,0.00,20.06,20.06,20.06,0.00,0.00
228.5895,20.06,0.00,20.06,20.06,20.06,0.00,0.00
229.0526,20.06,0.00,20.06,20.06,20.06,0.00,0.00
229.5047,20.06,0.00,20.06,20.06,20.06,0.00,0.00
229.9528,20.06,0.00,20.06,20.06,20.06,0.00,0.00
230.4133,20.06,0.00,20.06,20.06,20.06,0.00,0.00
231.0826,20.06,0.00,20.06,20.06,20.06,0.00,0.00
231.6072,20.06,0.00,20.06,20.06,20.06,0.00,0.00
232.0651,20.06,0.00,20.06,20.06,20.06,0.00,0.00
232.6156,20.06,0.00,20.06,20.06,20.06,0.00,0.00
233.0693,20.06,0.00,20.06,20.06,20.06,0.00,0.00
233.5203,20.06,0.00,20.06,20.06,20.06,0.00,0.00
233.9636,20.06,0.00,20.06,20.06,20.06,0.00,0.00
234.4922,20.06,0.00,20.06,20.06,20.06,0.00,0.00
234.9551,20.06,0.00,20.06,20.06,20.06,0.00,0.00
235.4198,20.06,0.00,20.06,20.06,20.06,0.00,0.00
235.9017,20.06,0.00,20.06,20.06,20.06,0.00,0.00
236.3147,20.06,0.00,20.06,20.06,20.06,0.00,0.00
236.7469,20.06,0.00,20.06,20.06,20.06,0.00,0.00
237.2073,20.06,0.00,20.06,20.06,20.06,0.00,0.00
237.761,20.06,0.00,20.06,20.06,20.06,0.00,0.00
238.224,20.06,0.00,20.06,20.06,20.06,0.00,0.00
238.6721,20.06,0.00,20.06,20.06,20.06,0.00,0.00
239.1305,20.06,0.00,20.06,20.06,20.06,0.00,0.00
239.6726,20.06,0.00,20.06,20.06,20.06,0.00,0.00
240.1483,20.06,0.00,20.06,20.06,20.06,0.00,0.00
240.6765,20.06,0.00,20.06,20.06,20.06,0.00,0.00
241.1316,20.06,0.00,20.06,20.06,20.06,0.00,0.00
241.6813,20.06,0.00,20.06,20.06,20.06,0.00,0.00
242.1393,20.06,0.00,20.06,20.06,20.06,0.00,0.00
242.5717,20.06,0.00,20.06,20.06,20.06,0.00,0.00
243.0596,20.06,0.00,20.06,20.06,20.06,0.00,0.00
243.5038,20.06,0.00,20.06,20.06,20.06,0.00,0.00
244.1768,20.06,0.00,20.06,20.06,20.06,0.00,0.00
244.6414,20.06,0.00,20.06,20.06,20.06,0.00,0.00
245.1027,20.06,0.00,20.06,20.06,20.06,0.00,0.00
245.6806,20.06,0.00,20.06,20.06,20.06,0.00,0.00
246.1716,20.06,0.00,20.06,20.06,20.06,0.00,0.00
246.6288,20.06,0.00,20.06,20.06,20.06,0.00,0.00
247.0819,20.06,0.00,20.06,20.06,20.06,0.00,0.00
247.7497,20.06,0.00,20.06,20.06,20.06,0.00,0.00
248.3059,20.06,0.00,20.06,20.06,20.06,0.00,0.00
248.8067,20.06,0.00,20.06,20.06,20.06,0.00,0.00
249.346,20.06,0.00,20.06,20.06,20.06,0.00,0.00
249.7978,20.06,0.00,20.06,20.06,20.06,0.00,0.00
250.2537,20.06,0.00,20.06,20.06,20.06,0.00,0.00
250.7026,20.06,0.00,20.06,20.06,20.06,0.00,0.00
251.2527,20.06,0.00,20.06,20.06,20.06,0.00,0.00
251.7071,20.06,0.00,20.06,20.06,20.06,0.00,0.00
252.1529,20.06,0.00,20.06,20.06,20.06,0.00,0.00
252.5617,20.06,0.00,20.06,20.06,20.06,0.00,0.00
253.0576,20.06,0.00,20.06,20.06,20.06,0.00,0.00
253.5099,20.06,0.00,20.06,20.06,20.06,0.00,0.00
253.96,20.06,0.00,20.06,20.06,20.06,0.00,0.00
254.4076,20.06,0.00,20.06,20.06,20.06,0.00,0.00
254.9608,20.06,0.00,20.06,20.06,20.06,0.00,0.00
255.4206,20.06,0.00,20.06,20.06,20.06,0.00,0.00
255.8745,20.06,0.00,20.06,20.06,20.06,0.00,0.00
256.2817,20.06,0.00,20.06,20.06,20.06,0.00,0.00
256.6861,20.06,0.00,20.06,20.06,20.06,0.00,0.00
257.4753,20.06,0.00,20.06,20.06,20.06,0.00,0.00
258.0477,20.06,0.00,20.06,20.06,20.06,0.00,0.00
258.5364,20.06,0.00,20.06,20.06,20.06,0.00,0.00
259.1008,20.06,0.00,20.06,20.06,20.06,0.00,0.00
259.6505,20.06,0.00,20.06,20.06,20.06,0.00,0.00
260.113,20.06,0.00,20.06,20.06,20.06,0.00,0.00
260.5658,20.06,0.00,20.06,20.06,20.06,0.00,0.00
261.1252,20.06,0.00,20.06,20.06,20.06,0.00,0.00
261.6052,20.06,0.00,20.06,20.06,20.06,0.00,0.00
262.0559,20.06,0.00,20.06,20.06,20.06,0.00,0.00
262.5123,20.06,0.00,20.06,20.06,20.06,0.00,0.00
263.0512,20.06,0.00,20.06,20.06,20.06,0.00,0.00
263.4609,20.06,0.00,20.06,20.06,20.06,0.00,0.00
263.8829,20.06,0.00,20.06,20.06,20.06,0.00,0.00
264.3337,20.06,0.00,20.06,20.06,20.06,0.00,0.00
264.9097,20.06,0.00,20.06,20.06,20.06,0.00,0.00
265.4406,20.06,0.00,20.06,20.06,20.06,0.00,0.00
265.9148,20.06,0.00,20.06,20.06,20.06,0.00,0.00
266.3851,20.06,0.00,20.06,20.06,20.06,0.00,0.00
266.8458,20.06,0.00,20.06,20.06,20.06,0.00,0.00
267.4689,20.06,0.00,20.06,20.06,20.06,0.00,0.00
267.9872,20.06,0.00,20.06,20.06,20.06,0.00,0.00
268.5121,20.06,0.00,20.06,20.06,20.06,0.00,0.00
269.0414,20.06,0.00,20.06,20.06,20.06,0.00,0.00
269.5224,20.06,0.00,20.06,20.06,20.06,0.00,0.00
269.9647,20.06,0.00,20.06,20.06,20.06,0.00,0.00
270.3799,20.06,0.00,20.06,20.06,20.06,0.00,0.00
270.9085,20.06,0.00,20.06,20.06,20.06,0.00,0.00
271.3681,20.06,0.00,20.06,20.06,20.06,0.00,0.00
271.8312,20.06,0.00,20.06,20.06,20.06,0.00,0.00
272.2802,20.06,0.00,20.06,20.06,20.06,0.00,0.00
272.8201,20.06,0.00,20.06,20.06,20.06,0.00,0.00
273.4034,20.06,0.00,20.06,20.06,20.06,0.00,0.00
273.8836,20.06,0.00,20.06,20.06,20.06,0.00,0.00
274.3614,20.06,0.00,20.06,20.06,20.06,0.00,0.00
274.9173,20.06,0.00,20.06,20.06,20.06,0.00,0.00
275.6444,20.06,0.00,20.06,20.06,20.06,0.00,0.00
276.1915,20.06,0.00,20.06,20.06,20.06,0.00,0.00
276.8096,20.06,0.00,20.06,20.06,20.06,0.00,0.00
277.4534,20.06,0.00,20.06,20.06,20.06,0.00,0.00
278.1213,20.06,0.00,20.06,20.06,20.06,0.00,0.00
278.6377,20.06,0.00,20.06,20.06,20.06,0.00,0.00
279.1198,20.06,0.00,20.06,20.06,20.06,0.00,0.00
279.6341,20.06,0.00,20.06,20.06,20.06,0.00,0.00
280.0902,20.06,0.00,20.06,20.06,20.06,0.00,0.00
280.557,20.06,0.00,20.06,20.06,20.06,0.00,0.00
281.0721,20.06,0.00,20.06,20.06,20.06,0.00,0.00
281.7117,20.06,0.00,20.06,20.06,20.06,0.00,0.00
282.5225,20.06,0.00,20.06,20.06,20.06,0.00,0.00
283.2998,20.06,0.00,20.06,20.06,20.06,0.00,0.00
284.0143,20.06,0.00,20.06,20.06,20.06,0.00,0.00
284.543,20.06,0.00,20.06,20.06,20.06,0.00,0.00
285.0107,20.06,0.00,20.06,20.06,20.06,0.00,0.00
285.4567,20.06,0.00,20.06,20.06,20.06,0.00,0.00
286.0274,20.06,0.00,20.06,20.06,20.06,0.00,0.00
286.5892,20.06,0.00,20.06,20.06,20.06,0.00,0.00
287.0435,20.06,0.00,20.06,20.06,20.06,0.00,0.00
287.491,20.06,0.00,20.06,20.06,20.06,0.00,0.00
288.0058,20.06,0.00,20.06,20.06,20.06,0.00,0.00
288.4602,20.06,0.00,20.06,20.06,20.06,0.00,0.00
288.9842,20.06,0.00,20.06,20.06,20.06,0.00,0.00
289.4481,20.06,0.00,20.06,20.06,20.06,0.00,0.00
289.9836,20.06,0.00,20.06,20.06,20.06,0.00,0.00
290.4632,20.06,0.00,20.06,20.06,20.06,0.00,0.00
290.9335,20.06,0.00,20.06,20.06,20.06,0.00,0.00
291.3762,20.06,0.00,20.06,20.06,20.06,0.00,0.00
291.7973,20.06,0.00,20.06,20.06,20.06,0.00,0.00
292.3702,20.06,0.00,20.06,20.06,20.06,0.00,0.00
292.833,20.06,0.00,20.06,20.06,20.06,0.00,0.00
293.2925,20.06,0.00,20.06,20.06,20.06,0.00,0.00
293.8319,20.06,0.00,20.06,20.06,20.06,0.00,0.00
294.2997,20.06,0.00,20.06,20.06,20.06,0.00,0.00
294.7345,20.06,0.00,20.06,20.06,20.06,0.00,0.00
295.1734,20.06,0.00,20.06,20.06,20.06,0.00,0.00
295.7692,20.06,0.00,20.06,20.06,20.06,0.00,0.00
296.2336,20.06,0.00,20.06,20.06,20.06,0.00,0.00
296.6884,20.06,0.00,20.06,20.06,20.06,0.00,0.00
297.2319,20.06,0.00,20.06,20.06,20.06,0.00,0.00
297.6936,20.06,0.00,20.06,20.06,20.06,0.00,0.00
298.1698,20.06,0.00,20.06,20.06,20.06,0.00,0.00
298.6204,20.06,0.00,20.06,20.06,20.06,0.00,0.00
299.1815,20.06,0.00,20.06,20.06,20.06,0.00,0.00
299.6617,20.06,0.00,20.06,20.06,20.06,0.00,0.00
300.1046,20.06,0.00,20.06,20.06,20.06,0.00,0.00
300.6364,20.06,0.00,20.06,20.06,20.06,0.00,0.00
301.2112,20.06,0.00,20.06,20.06,20.06,0.00,0.00
301.6282,20.06,0.00,20.06,20.06,20.06,0.00,0.00
302.1662,20.06,0.00,20.06,20.06,20.06,0.00,0.00
302.6864,20.06,0.00,20.06,20.06,20.06,0.00,0.00
303.1777,20.06,0.00,20.06,20.06,20.06,0.00,0.00
303.7023,20.06,0.00,20.06,20.06,20.06,0.00,0.00
304.1984,20.06,0.00,20.06,20.06,20.06,0.00,0.00
304.6726,20.06,0.00,20.06,20.06,20.06,0.00,0.00
305.1426,20.06,0.00,20.06,20.06,20.06,0.00,0.00
305.7914,20.06,0.00,20.06,20.06,20.06,0.00,0.00
306.2668,20.06,0.00,20.06,20.06,20.06,0.00,0.00
306.73,20.06,0.00,20.06,20.06,20.06,0.00,0.00
307.2389,20.06,0.00,20.06,20.06,20.06,0.00,0.00
307.6544,20.06,0.00,20.06,20.06,20.06,0.00,0.00
308.0959,20.06,0.00,20.06,20.06,20.06,0.00,0.00
308.552,20.06,0.00,20.06,20.06,20.06,0.00,0.00
309.1307,20.06,0.00,20.06,20.06,20.06,0.00,0.00
309.604,20.06,0.00,20.06,20.06,20.06,0.00,0.00
310.0652,20.06,0.00,20.06,20.06,20.06,0.00,0.00
310.5184,20.06,0.00,20.06,20.06,20.06,0.00,0.00
311.0944,20.06,0.00,20.06,20.06,20.06,0.00,0.00
311.6026,20.06,0.00,20.06,20.06,20.06,0.00,0.00
312.0675,20.06,0.00,20.06,20.06,20.06,0.00,0.00
312.5159,20.06,0.00,20.06,20.06,20.06,0.00,0.00
313.0938,20.06,0.00,20.06,20.06,20.06,0.00,0.00
313.6474,20.06,0.00,20.06,20.06,20.06,0.00,0.00
314.141,20.06,0.00,20.06,20.06,20.06,0.00,0.00
314.5824,20.06,0.00,20.06,20.06,20.06,0.00,0.00
315.0951,20.06,0.00,20.06,20.06,20.06,0.00,0.00
315.5379,20.06,0.00,20.06,20.06,20.06,0.00,0.00
316.0253,20.06,0.00,20.06,20.06,20.06,0.00,0.00
316.5796,20.06,0.00,20.06,20.06,20.06,0.00,0.00
317.1234,20.06,0.00,20.06,20.06,20.06,0.00,0.00
317.8789,20.06,0.00,20.06,20.06,20.06,0.00,0.00
318.6313,20.06,0.00,20.06,20.06,20.06,0.00,0.00
319.2859,20.06,0.00,20.06,20.06,20.06,0.00,0.00
319.9407,20.06,0.00,20.06,20.06,20.06,0.00,0.00
320.4217,20.06,0.00,20.06,20.06,20.06,0.00,0.00
320.9647,20.06,0.00,20.06,20.06,20.06,0.00,0.00
321.6178,20.06,0.00,20.06,20.06,20.06,0.00,0.00
322.4173,20.06,0.00,20.06,20.06,20.06,0.00,0.00
322.9753,20.06,0.00,20.06,20.06,20.06,0.00,0.00
323.4918,20.06,0.00,20.06,20.06,20.06,0.00,0.00
323.9501,20.06,0.00,20.06,20.06,20.06,0.00,0.00
324.5326,20.06,0.00,20.06,20.06,20.06,0.00,0.00
325.0093,20.06,0.00,20.06,20.06,20.06,0.00,0.00
325.4898,20.06,0.00,20.06,20.06,20.06,0.00,0.00
325.9776,20.06,0.00,20.06,20.06,20.06,0.00,0.00
326.5535,20.06,0.00,20.06,20.06,20.06,0.00,0.00
326.987,20.06,0.00,20.06,20.06,20.06,0.00,0.00
327.4686,20.06,0.00,20.06,20.06,20.06,0.00,0.00
327.9473,20.06,0.00,20.06,20.06,20.06,0.00,0.00
328.5029,20.06,0.00,20.06,20.06,20.06,0.00,0.00
328.9803,20.06,0.00,20.06,20.06,20.06,0.00,0.00
329.5309,20.06,0.00,20.06,20.06,20.06,0.00,0.00
330.0205,20.06,0.00,20.06,20.06,20.06,0.00,0.00
330.4343,20.06,0.00,20.06,20.06,20.06,0.00,0.00
330.9464,20.06,0.00,20.06,20.06,20.06,0.00,0.00
331.4022,20.06,0.00,20.06,20.06,20.06,0.00,0.00
331.8604,20.06,0.00,20.06,20.06,20.06,0.00,0.00
332.341,20.06,0.00,20.06,20.06,20.06,0.00,0.00
332.8046,20.06,0.00,20.06,20.06,20.06,0.00,0.00
333.4682,20.06,0.00,20.06,20.06,20.06,0.00,0.00
333.9705,20.06,0.00,20.06,20.06,20.06,0.00,0.00
334.4092,20.06,0.00,20.06,20.06,20.06,0.00,0.00
334.9303,20.06,0.00,20.06,20.06,20.06,0.00,0.00
335.4287,20.06,0.00,20.06,20.06,20.06,0.00,0.00
335.8432,20.06,0.00,20.06,20.06,20.06,0.00,0.00
336.2401,20.06,0.00,20.06,20.06,20.06,0.00,0.00
336.8184,20.06,0.00,20.06,20.06,20.06,0.00,0.00
337.2916,20.06,0.00,20.06,20.06,20.06,0.00,0.00
337.7704,20.06,0.00,20.06,20.06,20.06,0.00,0.00
338.2221,20.06,0.00,20.06,20.06,20.06,0.00,0.00
338.7727,20.06,0.00,20.06,20.06,20.06,0.00,0.00
339.2678,20.06,0.00,20.06,20.06,20.06,0.00,0.00
339.7191,20.06,0.00,20.06,20.06,20.06,0.00,0.00
340.1651,20.06,0.00,20.06,20.06,20.06,0.00,0.00
340.7284,20.06,0.00,20.06,20.06,20.06,0.00,0.00
341.1508,20.06,0.00,20.06,20.06,20.06,0.00,0.00
341.579,20.06,0.00,20.06,20.06,20.06,0.00,0.00
342.0402,20.06,0.00,20.06,20.06,20.06,0.00,0.00
342.5989,20.06,0.00,20.06,20.06,20.06,0.00,0.00
343.0672,20.06,0.00,20.06,20.06,20.06,0.00,0.00
343.5191,20.06,0.00,20.06,20.06,20.06,0.00,0.00
343.9921,20.06,0.00,20.06,20.06,20.06,0.00,0.00
344.4589,20.06,0.00,20.06,20.06,20.06,0.00,0.00
345.0075,20.06,0.00,20.06,20.06,20.06,0.00,0.00
345.564,20.06,0.00,20.06,20.06,20.06,0.00,0.00
346.1089,20.06,0.00,20.06,20.06,20.06,0.00,0.00
346.5768,20.06,0.00,20.06,20.06,20.06,0.00,0.00
347.031,20.06,0.00,20.06,20.06,20.06,0.00,0.00
347.6949,20.06,0.00,20.06,20.06,20.06,0.00,0.00
348.1893,20.06,0.00,20.06,20.06,20.06,0.00,0.00
348.6479,20.06,0.00,20.06,20.06,20.06,0.00,0.00
349.192,20.06,0.00,20.06,20.06,20.06,0.00,0.00
349.6535,20.06,0.00,20.06,20.06,20.06,0.00,0.00
350.1229,20.06,0.00,20.06,20.06,20.06,0.00,0.00
350.5677,20.06,0.00,20.06,20.06,20.06,0.00,0.00
351.0626,20.06,0.00,20.06,20.06,20.06,0.00,0.00
351.4736,20.06,0.00,20.06,20.06,20.06,0.00,0.00
351.9358,20.06,0.00,20.06,20.06,20.06,0.00,0.00
352.4198,20.06,0.00,20.06,20.06,20.06,0.00,0.00
352.9774,20.06,0.00,20.06,20.06,20.06,0.00,0.00
353.6132,20.06,0.00,20.06,20.06,20.06,0.00,0.00
354.1544,20.06,0.00,20.06,20.06,20.06,0.00,0.00
354.6891,20.06,0.00,20.06,20.06,20.06,0.00,0.00
355.2915,20.06,0.00,20.06,20.06,20.06,0.00,0.00
355.7743,20.06,0.00,20.06,20.06,20.06,0.00,0.00
356.1994,20.06,0.00,20.06,20.06,20.06,0.00,0.00
356.6781,20.06,0.00,20.06,20.06,20.06,0.00,0.00
357.2278,20.06,0.00,20.06,20.06,20.06,0.00,0.00
357.6941,20.06,0.00,20.06,20.06,20.06,0.00,0.00
358.1605,20.06,0.00,20.06,20.06,20.06,0.00,0.00
358.628,20.06,0.00,20.06,20.06,20.06,0.00,0.00
359.1098,20.06,0.00,20.06,20.06,20.06,0.00,0.00
359.6711,20.06,0.00,20.06,20.06,20.06,0.00,0.00
360.1549,20.06,0.00,20.06,20.06,20.06,0.00,0.00
360.618,20.06,0.00,20.06,20.06,20.06,0.00,0.00
361.0282,20.06,0.00,20.06,20.06,20.06,0.00,0.00
361.4732,20.06,0.00,20.06,20.06,20.06,0.00,0.00
362.1043,20.06,0.00,20.06,20.06,20.06,0.00,0.00
362.5887,20.06,0.00,20.06,20.06,20.06,0.00,0.00
363.0571,20.06,0.00,20.06,20.06,20.06,0.00,0.00
363.6279,20.06,0.00,20.06,20.06,20.06,0.00,0.00
364.1075,20.06,0.00,20.06,20.06,20.06,0.00,0.00
364.5869,20.06,0.00,20.06,20.06,20.06,0.00,0.00
365.0405,20.06,0.00,20.06,20.06,20.06,0.00,0.00
365.6305,20.06,0.00,20.06,20.06,20.06,0.00,0.00
366.1275,20.06,0.00,20.06,20.06,20.06,0.00,0.00
366.5831,20.06,0.00,20.06,20.06,20.06,0.00,0.00
367.0399,20.06,0.00,20.06,20.06,20.06,0.00,0.00
367.6092,20.06,0.00,20.06,20.06,20.06,0.00,0.00
368.1007,20.06,0.00,20.06,20.06,20.06,0.00,0.00
368.5922,20.06,0.00,20.06,20.06,20.06,0.00,0.00
369.0575,20.06,0.00,20.06,20.06,20.06,0.00,0.00
369.639,20.06,0.00,20.06,20.06,20.06,0.00,0.00
370.1084,20.06,0.00,20.06,20.06,20.06,0.00,0.00
370.5936,20.06,0.00,20.06,20.06,20.06,0.00,0.00
371.0462,20.06,0.00,20.06,20.06,20.06,0.00,0.00
371.6039,20.06,0.00,20.06,20.06,20.06,0.00,0.00
372.0867,20.06,0.00,20.06,20.06,20.06,0.00,0.00
372.5643,20.06,0.00,20.06,20.06,20.06,0.00,0.00
372.9984,20.06,0.00,20.06,20.06,20.06,0.00,0.00
373.4087,20.06,0.00,20.06,20.06,20.06,0.00,0.00
374.0901,20.06,0.00,20.06,20.06,20.06,0.00,0.00
374.6031,20.06,0.00,20.06,20.06,20.06,0.00,0.00
375.0991,20.06,0.00,20.06,20.06,20.06,0.00,0.00
375.6546,20.06,0.00,20.06,20.06,20.06,0.00,0.00
376.1332,20.06,0.00,20.06,20.06,20.06,0.00,0.00
376.6016,20.06,0.00,20.06,20.06,20.06,0.00,0.00
377.0682,20.06,0.00,20.06,20.06,20.06,0.00,0.00
377.6525,20.06,0.00,20.06,20.06,20.06,0.00,0.00
378.1325,20.06,0.00,20.06,20.06,20.06,0.00,0.00
378.6072,20.06,0.00,20.06,20.06,20.06,0.00,0.00
379.0916,20.06,0.00,20.06,20.06,20.06,0.00,0.00
379.6805,20.06,0.00,20.06,20.06,20.06,0.00,0.00
380.1769,20.06,0.00,20.06,20.06,20.06,0.00,0.00
380.638,20.06,0.00,20.06,20.06,20.06,0.00,0.00
381.0547,20.06,0.00,20.06,20.06,20.06,0.00,0.00
381.5739,20.06,0.00,20.06,20.06,20.06,0.00,0.00
382.0644,20.06,0.00,20.06,20.06,20.06,0.00,0.00
382.5289,20.06,0.00,20.06,20.06,20.06,0.00,0.00
382.9909,20.06,0.00,20.06,20.06,20.06,0.00,0.00
383.5295,20.06,0.00,20.06,20.06,20.06,0.00,0.00
384.0252,20.06,0.00,20.06,20.06,20.06,0.00,0.00
384.5031,20.06,0.00,20.06,20.06,20.06,0.00,0.00
384.9208,20.06,0.00,20.06,20.06,20.06,0.00,0.00
385.3577,20.06,0.00,20.06,20.06,20.06,0.00,0.00
386.0413,20.06,0.00,20.06,20.06,20.06,0.00,0.00
386.5574,20.06,0.00,20.06,20.06,20.06,0.00,0.00
387.0521,20.06,0.00,20.06,20.06,20.06,0.00,0.00
387.6116,20.06,0.00,20.06,20.06,20.06,0.00,0.00
388.0975,20.06,0.00,20.06,20.06,20.06,0.00,0.00
388.7224,20.06,0.00,20.06,20.06,20.06,0.00,0.00
389.2847,20.06,0.00,20.06,20.06,20.06,0.00,0.00
389.9019,20.06,0.00,20.06,20.06,20.06,0.00,0.00
390.3493,20.06,0.00,20.06,20.06,20.06,0.00,0.00
390.8162,20.06,0.00,20.06,20.06,20.06,0.00,0.00
391.4001,20.06,0.00,20.06,20.06,20.06,0.00,0.00
391.8965,20.06,0.00,20.06,20.06,20.06,0.00,0.00
392.374,20.06,0.00,20.06,20.06,20.06,0.00,0.00
392.8602,20.06,0.00,20.06,20.06,20.06,0.00,0.00
393.4568,20.06,0.00,20.06,20.06,20.06,0.00,0.00
393.9307,20.06,0.00,20.06,20.06,20.06,0.00,0.00
394.4332,20.06,0.00,20.06,20.06,20.06,0.00,0.00
394.9011,20.06,0.00,20.06,20.06,20.06,0.00,0.00
395.4908,20.06,0.00,20.06,20.06,20.06,0.00,0.00
395.9686,20.06,0.00,20.06,20.06,20.06,0.00,0.00
396.4431,20.06,0.00,20.06,20.06,20.06,0.00,0.00
396.8815,20.06,0.00,20.06,20.06,20.06,0.00,0.00
397.4024,20.06,0.00,20.06,20.06,20.06,0.00,0.00
397.8864,20.06,0.00,20.06,20.06,20.06,0.00,0.00
398.3693,20.06,0.00,20.06,20.06,20.06,0.00,0.00
398.8336,20.06,0.00,20.06,20.06,20.06,0.00,0.00
399.2938,20.06,0.00,20.06,20.06,20.06,0.00,0.00
399.8667,20.06,0.00,20.06,20.06,20.06,0.00,0.00
400.3662,20.06,0.00,20.06,20.06,20.06,0.00,0.00
400.7878,20.06,0.00,20.06,20.06,20.06,0.00,0.00
401.2025,20.06,0.00,20.06,20.06,20.06,0.00,0.00
401.6601,20.06,0.00,20.06,20.06,20.06,0.00,0.00
402.3004,20.06,0.00,20.06,20.06,20.06,0.00,0.00
402.8163,20.06,0.00,20.06,20.06,20.06,0.00,0.00
403.2823,20.06,0.00,20.06,20.06,20.06,0.00,0.00
403.8566,20.06,0.00,20.06,20.06,20.06,0.00,0.00
404.3385,20.06,0.00,20.06,20.06,20.06,0.00,0.00
404.8358,20.06,0.00,20.06,20.06,20.06,0.00,0.00
405.3213,20.06,0.00,20.06,20.06,20.06,0.00,0.00
405.8516,20.06,0.00,20.06,20.06,20.06,0.00,0.00
406.3354,20.06,0.00,20.06,20.06,20.06,0.00,0.00
406.7914,20.06,0.00,20.06,20.06,20.06,0.00,0.00
407.3221,20.06,0.00,20.06,20.06,20.06,0.00,0.00
408.0503,20.06,0.00,20.06,20.06,20.06,0.00,0.00
408.5904,20.06,0.00,20.06,20.06,20.06,0.00,0.00
409.0662,20.06,0.00,20.06,20.06,20.06,0.00,0.00
409.499,20.06,0.00,20.06,20.06,20.06,0.00,0.00
410.0302,20.06,0.00,20.06,20.06,20.06,0.00,0.00
410.5061,20.06,0.00,20.06,20.06,20.06,0.00,0.00
410.9888,20.06,0.00,20.06,20.06,20.06,0.00,0.00
411.46,20.06,0.00,20.06,20.06,20.06,0.00,0.00
412.0144,20.06,0.00,20.06,20.06,20.06,0.00,0.00
412.5597,20.06,0.00,20.06,20.06,20.06,0.00,0.00
413.0673,20.06,0.00,20.06,20.06,20.06,0.00,0.00
413.4841,20.06,0.00,20.06,20.06,20.06,0.00,0.00
413.9572,20.06,0.00,20.06,20.06,20.06,0.00,0.00
414.5242,20.06,0.00,20.06,20.06,20.06,0.00,0.00
414.9535,20.06,0.00,20.06,20.06,20.06,0.00,0.00
415.4043,20.06,0.00,20.06,20.06,20.06,0.00,0.00
415.868,20.06,0.00,20.06,20.06,20.06,0.00,0.00
416.3493,20.06,0.00,20.06,20.06,20.06,0.00,0.00
417.1318,20.06,0.00,20.06,20.06,20.06,0.00,0.00
417.6419,20.06,0.00,20.06,20.06,20.06,0.00,0.00
418.1593,20.06,0.00,20.06,20.06,20.06,0.00,0.00
418.6676,20.06,0.00,20.06,20.06,20.06,0.00,0.00
419.2357,20.06,0.00,20.06,20.06,20.06,0.00,0.00
419.7188,20.06,0.00,20.06,20.06,20.06,0.00,0.00
420.1367,20.06,0.00,20.06,20.06,20.06,0.00,0.00
420.6499,20.06,0.00,20.06,20.06,20.06,0.00,0.00
421.1346,20.06,0.00,20.06,20.06,20.06,0.00,0.00
421.6009,20.06,0.00,20.06,20.06,20.06,0.00,0.00
422.0831,20.06,0.00,20.06,20.06,20.06,0.00,0.00
422.642,20.06,0.00,20.06,20.06,20.06,0.00,0.00
423.141,20.06,0.00,20.06,20.06,20.06,0.00,0.00
423.7654,20.06,0.00,20.06,20.06,20.06,0.00,0.00
424.29,20.06,0.00,20.06,20.06,20.06,0.00,0.00
424.9195,20.06,0.00,20.06,20.06,20.06,0.00,0.00
425.4771,20.06,0.00,20.06,20.06,20.06,0.00,0.00
425.9772,20.06,0.00,20.06,20.06,20.06,0.00,0.00
426.4421,20.06,0.00,20.06,20.06,20.06,0.00,0.00
427.0059,20.06,0.00,20.06,20.06,20.06,0.00,0.00
427.537,20.06,0.00,20.06,20.06,20.06,0.00,0.00
428.0075,20.06,0.00,20.06,20.06,20.06,0.00,0.00
428.4879,20.06,0.00,20.06,20.06,20.06,0.00,0.00
428.9142,20.06,0.00,20.06,20.06,20.06,0.00,0.00
429.4303,20.06,0.00,20.06,20.06,20.06,0.00,0.00
429.9355,20.06,0.00,20.06,20.06,20.06,0.00,0.00
430.4171,20.06,0.00,20.06,20.06,20.06,0.00,0.00
430.8925,20.06,0.00,20.06,20.06,20.06,0.00,0.00
431.3763,20.06,0.00,20.06,20.06,20.06,0.00,0.00
432.0533,20.06,0.00,20.06,20.06,20.06,0.00,0.00
432.572,20.06,0.00,20.06,20.06,20.06,0.00,0.00
432.9999,20.06,0.00,20.06,20.06,20.06,0.00,0.00
433.4646,20.06,0.00,20.06,20.06,20.06,0.00,0.00
434.0149,20.06,0.00,20.06,20.06,20.06,0.00,0.00
434.4408,20.06,0.00,20.06,20.06,20.06,0.00,0.00
434.902,20.06,0.00,20.06,20.06,20.06,0.00,0.00
435.4901,20.06,0.00,20.06,20.06,20.06,0.00,0.00
435.9955,20.06,0.00,20.06,20.06,20.06,0.00,0.00
436.4896,20.06,0.00,20.06,20.06,20.06,0.00,0.00
436.9902,20.06,0.00,20.06,20.06,20.06,0.00,0.00
437.5814,20.06,0.00,20.06,20.06,20.06,0.00,0.00
438.0999,20.06,0.00,20.06,20.06,20.06,0.00,0.00
438.5776,20.06,0.00,20.06,20.06,20.06,0.00,0.00
439.0897,20.06,0.00,20.06,20.06,20.06,0.00,0.00
439.6204,20.06,0.00,20.06,20.06,20.06,0.00,0.00
440.0656,20.06,0.00,20.06,20.06,20.06,0.00,0.00
440.5377,20.06,0.00,20.06,20.06,20.06,0.00,0.00
441.0145,20.06,0.00,20.06,20.06,20.06,0.00,0.00
441.5906,20.06,0.00,20.06,20.06,20.06,0.00,0.00
442.1061,20.06,0.00,20.06,20.06,20.06,0.00,0.00
442.5786,20.06,0.00,20.06,20.06,20.06,0.00,0.00
443.0502,20.06,0.00,20.06,20.06,20.06,0.00,0.00
443.5467,20.06,0.00,20.06,20.06,20.06,0.00,0.00
444.3173,20.06,0.00,20.06,20.06,20.06,0.00,0.00
120.3584,16.31,4.87,14.50,32.75,8.35,5.95,24.40
120.2958,18.85,5.00,20.92,28.25,11.10,5.48,17.15
123.6291,29.49,6.21,25.53,41.04,22.25,6.78,18.79
120.2274,18.59,6.56,14.64,44.40,9.41,8.34,34.99
240.5543,24.15,7.33,23.20,37.70,8.85,8.53,28.85
360.832,25.89,5.56,27.80,33.80,11.45,6.35,22.35
481.0081,28.09,5.51,31.15,40.75,11.45,6.72,29.30
601.1425,26.61,6.01,31.15,33.75,11.20,7.28,22.55
721.149,26.99,6.38,31.15,35.95,11.20,7.55,24.75
841.273,30.26,4.38,31.15,50.15,11.45,7.37,38.70
961.3776,30.56,1.90,31.15,38.45,20.85,3.54,17.60
1081.588,31.28,3.18,31.20,55.40,11.30,7.55,44.10
1201.829,30.16,1.86,31.15,31.45,20.85,3.11,10.60
1321.849,29.16,3.32,31.15,31.45,20.85,4.15,10.60
1441.949,30.67,0.98,31.15,31.45,20.85,2.26,10.60
1562.062,30.72,0.99,31.15,31.45,20.85,2.27,10.60
1682.203,30.70,0.99,31.15,31.45,20.85,2.26,10.60
1802.219,30.69,0.98,31.15,31.45,20.85,2.26,10.60
1922.393,31.20,0.08,31.15,31.45,31.15,0.11,0.30
2042.417,31.26,0.13,31.15,31.45,31.15,0.14,0.30
2162.582,31.26,0.13,31.15,31.45,31.15,0.14,0.30
120.3206,18.67,5.62,18.43,34.39,9.90,6.69,24.49
240.4409,24.71,9.31,22.30,68.20,11.07,12.96,57.13
360.5307,28.57,8.15,29.18,68.20,11.25,11.87,56.95
480.8957,35.48,9.62,31.15,70.60,13.37,13.30,57.23
601.3769,36.90,9.48,36.20,68.80,19.30,11.87,49.50
721.5554,36.58,10.09,36.20,67.65,18.25,12.97,49.40
841.5895,49.24,22.84,36.20,156.80,21.15,30.74,135.65
961.8014,57.98,27.26,43.83,156.80,30.70,36.87,126.10
1081.849,92.32,50.84,80.95,167.45,21.20,55.01,146.25
1201.879,121.86,47.55,156.80,167.45,31.15,51.86,136.30
1321.898,150.84,12.92,156.80,167.45,80.95,21.82,86.50
1442.124,155.13,6.36,156.80,167.45,91.50,15.06,75.95
1562.171,158.50,2.56,156.80,167.45,156.80,3.59,10.65
1682.275,158.37,2.66,156.80,167.45,156.80,3.73,10.65
1802.468,157.80,1.80,156.80,166.80,156.80,3.00,10.00
1922.565,158.80,3.20,156.80,166.80,156.80,4.00,10.00
2042.7,156.80,1.00,156.80,166.80,146.80,3.16,20.00
2162.875,156.80,1.00,156.80,166.80,146.80,3.16,20.00
2283.266,156.80,1.00,156.80,166.80,146.80,3.16,20.00
2403.317,157.80,1.80,156.80,166.80,156.80,3.00,10.00
